{
  "accuracy": 0.581798189968705,
  "precision": 0.5899488165985366,
  "recall": 0.5732501084815915,
  "f1": 0.5814796004740139,
  "roc_auc": 0.6196522600643342,
  "conf_matrix": [
    [
      17219,
      11937
    ],
    [
      12785,
      17174
    ]
  ]
}