accuracy,precision,recall,f1,roc_auc,conf_matrix
0.5123013060645946,0.5484581497797357,0.3400975609756098,0.4198482476213417,0.5236211915907037,"[[3317, 1435], [3382, 1743]]"
